ТР ТС 001/2011;О безопасности железнодорожного подвижного состава
ТР ТС 002/2011;О безопасности высокоскоростного железнодорожного транспорта
ТР ТС 003/2011;О безопасности инфраструктуры железнодорожного транспорта
ТР ТС 004/2011;О безопасности низковольтного оборудования
ТР ТС 005/2011;О безопасности упаковки
ТР ТС 006/2011;О безопасности пиротехнических изделий
ТР ТС 007/2011;О безопасности продукции, предназначенной для детей и подростков
ТР ТС 008/2011;О безопасности игрушек
ТР ТС 009/2011;О безопасности парфюмерно-косметической продукции
ТР ТС 010/2011;О безопасности машин и оборудования
ТР ТС 011/2011;Безопасность лифтов
ТР ТС 012/2011;О безопасности оборудования для работы во взрывоопасных средах
ТР ТС 013/2011;О требованиях к автомобильному и авиационному бензину, дизельному и судовому топливу, топливу для реактивных двигателей и мазуту
ТР ТС 014/2011;Безопасность автомобильных дорог
ТР ТС 015/2011;О безопасности зерна
ТР ТС 016/2011;О безопасности аппаратов, работающих на газообразном топливе
ТР ТС 017/2011;О безопасности продукции легкой промышленности
ТР ТС 018/2011;О безопасности колесных транспортных средств
ТР ТС 019/2011;О безопасности средств индивидуальной защиты
ТР ТС 020/2011;Электромагнитная совместимость технических средств
ТР ТС 021/2011;О безопасности пищевой продукции
ТР ТС 022/2011 ;Пищевая продукция в части ее маркировки
ТР ТС 023/2011;Технический регламент на соковую продукцию из фруктов и овощей
ТР ТС 024/2011;Технический регламент на масложировую продукцию
ТР ТС 025/2012;О безопасности мебельной продукции
ТР ТС 026/2012;О безопасности маломерных судов
ТР ТС 027/2012;О безопасности отдельных видов специализированной пищевой продукции, в том числе диетического лечебного и диетического профилактического питания
ТР ТС 028/2012;О безопасности взрывчатых веществ и изделий на их основе
ТР ТС 029/2012;Требования безопасности пищевых добавок, ароматизаторов и технологических вспомогательных средств
ТР ТС 030/2012;О требованиях к смазочным материалам, маслам и специальным жидкостям
ТР ТС 031/2012;О безопасности сельскохозяйственных и лесохозяйственных тракторов и прицепов к ним
ТР ТС 032/2013;О безопасности оборудования, работающего под избыточным давлением
ТР ТС 033/2013;О безопасности молока и молочной продукции
ТР ТС 034/2013;О безопасности мяса и мясной продукции
ТР ТС 035/2014;Технический регламент на табачную продукцию
ТР ЕАЭС 036/2016;Требования к сжиженным углеводородным газам для использования их в качестве топлива
ТР ЕАЭС 037/2016;Об ограничении применения опасных веществ в изделиях электротехники и радиоэлектроники
ТР ЕАЭС 038/2016;О безопасности аттракционов
ТР ЕАЭС 039/2016 ;О требованиях к минеральным удобрениям
ТР ЕАЭС 040/2016;О безопасности рыбы и рыбной продукции
ТР ЕАЭС 041/2017;О безопасности химической продукции
ТР ЕАЭС 042/2017;О безопасности оборудования для детских игровых площадок
ТР ЕАЭС 043/2017;О требованиях к средствам обеспечения пожарной безопасности и пожаротушения
ТР ЕАЭС 044/2017;О безопасности упакованной питьевой воды, включая природную минеральную воду
ТР ЕАЭС 045/2017;О безопасности нефти, подготовленной к транспортировке и (или) использованию
ТР ЕАЭС 046/2018;О безопасности газа горючего природного, подготовленного к транспортированию и (или) использованию
ТР ЕАЭС 047/2018;О безопасности алкогольной продукции
ТР РФ 001/2005;Технический регламент о требованиях к выбросам автомобильной техникой, выпускаемой в обращение на территории российской федерации, вредных (загрязняющих) веществ
ТР РФ 005/2008;Технический регламент о требованиях пожарной безопасности
